<?xml version="1.0" encoding="UTF-8"?>
<!DOCTYPE hibernate-mapping PUBLIC
        "-//Hibernate/Hibernate Mapping DTD 3.0//EN"
        "http://www.hibernate.org/dtd/hibernate-mapping-3.0.dtd">

<hibernate-mapping package="org.emsi.entities">
    <class name="Match" table="matches">
        <id name="id" column="id" type="integer">
            <generator class="identity"/>
        </id>
        
        <property name="teamHome" column="team_home" type="string" not-null="true"/>
        <property name="teamAway" column="team_away" type="string" not-null="true"/>
        <property name="stadium" column="stadium" type="string" not-null="true"/>
        <property name="city" column="city" type="string" not-null="true"/>
        <property name="matchDate" column="match_date" type="timestamp" not-null="true"/>
        <property name="matchPhase" column="match_phase" type="string"/>
        
        <!-- Relation One-to-Many avec Zone -->
        <set name="zones" inverse="true" cascade="all-delete-orphan" lazy="false">
            <key column="match_id"/>
            <one-to-many class="Zone"/>
        </set>
    </class>
</hibernate-mapping>
