<?xml version="1.0" encoding="UTF-8"?>
<!DOCTYPE hibernate-mapping PUBLIC
        "-//Hibernate/Hibernate Mapping DTD 3.0//EN"
        "http://www.hibernate.org/dtd/hibernate-mapping-3.0.dtd">

<hibernate-mapping package="org.emsi.entities">
    <class name="Prediction" table="predictions">
        <id name="id" column="id" type="integer">
            <generator class="identity"/>
        </id>

        <!-- Relation Many-to-One avec User -->
        <many-to-one name="user" class="User" column="user_id" not-null="true" lazy="false"/>

        <!-- Relation Many-to-One avec Match (nullable car TOURNAMENT prediction n'a pas de match) -->
        <many-to-one name="match" class="Match" column="match_id" not-null="false" lazy="false"/>

        <property name="predictedWinner" column="predicted_winner" type="string" not-null="true"/>
        <property name="type" column="type" type="string" not-null="true"/> <!-- MATCH ou TOURNAMENT -->
        <property name="predictionDate" column="prediction_date" type="timestamp" not-null="true"/>
    </class>
</hibernate-mapping>
