<?xml version="1.0" encoding="UTF-8"?>
<!DOCTYPE hibernate-mapping PUBLIC
        "-//Hibernate/Hibernate Mapping DTD 3.0//EN"
        "http://www.hibernate.org/dtd/hibernate-mapping-3.0.dtd">

<hibernate-mapping package="org.emsi.entities">
    <class name="Ticket" table="tickets">
        <id name="id" column="id" type="integer">
            <generator class="identity"/>
        </id>
        
        <!-- Relation Many-to-One avec User -->
        <many-to-one name="user" class="User" column="user_id" not-null="true" lazy="false"/>
        
        <!-- Relation Many-to-One avec Zone -->
        <many-to-one name="zone" class="Zone" column="zone_id" not-null="true" lazy="false"/>
        
        <property name="uuidQrcode" column="uuid_qrcode" type="string" not-null="true" unique="true"/>
        <property name="status" column="status" type="string" not-null="true"/>
        <property name="purchaseDate" column="purchase_date" type="timestamp"/>
        <property name="resalePrice" column="resale_price" type="big_decimal"/>
        
        <property name="guestName" column="guest_name" type="string"/>
        <property name="guestCin" column="guest_cin" type="string"/>
    </class>
</hibernate-mapping>
