<?xml version="1.0" encoding="UTF-8"?>
<!DOCTYPE hibernate-mapping PUBLIC
        "-//Hibernate/Hibernate Mapping DTD 3.0//EN"
        "http://www.hibernate.org/dtd/hibernate-mapping-3.0.dtd">

<hibernate-mapping package="org.emsi.entities">
    <class name="User" table="users">
        <id name="id" column="id" type="integer">
            <generator class="identity"/>
        </id>
        
        <property name="username" column="username" type="string" not-null="true" unique="true"/>
        <property name="password" column="password" type="string" not-null="true"/>
        <property name="email" column="email" type="string"/>
        <property name="role" column="role" type="string" not-null="true"/>
        <property name="createdAt" column="created_at" type="timestamp"/>
    </class>
</hibernate-mapping>
