<?xml version="1.0" encoding="UTF-8"?>
<!DOCTYPE hibernate-mapping PUBLIC
        "-//Hibernate/Hibernate Mapping DTD 3.0//EN"
        "http://www.hibernate.org/dtd/hibernate-mapping-3.0.dtd">

<hibernate-mapping package="org.emsi.entities">
    <class name="Zone" table="zones">
        <id name="id" column="id" type="integer">
            <generator class="identity"/>
        </id>
        
        <!-- Relation Many-to-One avec Match -->
        <many-to-one name="match" class="Match" column="match_id" not-null="true" lazy="false"/>
        
        <property name="categoryName" column="category_name" type="string" not-null="true"/>
        <property name="price" column="price" type="big_decimal" not-null="true"/>
        <property name="capacity" column="capacity" type="integer" not-null="true"/>
        <property name="availableSeats" column="available_seats" type="integer" not-null="true"/>
    </class>
</hibernate-mapping>
