<?xml version="1.0" encoding="UTF-8"?>
<!DOCTYPE hibernate-configuration PUBLIC
        "-//Hibernate/Hibernate Configuration DTD 3.0//EN"
        "http://www.hibernate.org/dtd/hibernate-configuration-3.0.dtd">

<hibernate-configuration>
    <session-factory>
        <!-- Configuration de la connexion MySQL -->
        <property name="hibernate.connection.driver_class">com.mysql.cj.jdbc.Driver</property>
        <property name="hibernate.connection.url">jdbc:mysql://localhost:3307/mondial2030?useSSL=false&amp;serverTimezone=UTC&amp;allowPublicKeyRetrieval=true&amp;createDatabaseIfNotExist=true</property>
        <property name="hibernate.connection.username">root</property>
        <property name="hibernate.connection.password">root123</property>
        
        <!-- Dialect MySQL 8 -->
        <property name="hibernate.dialect">org.hibernate.dialect.MySQL8Dialect</property>
        
        <!-- Pool de connexions -->
        <property name="hibernate.c3p0.min_size">5</property>
        <property name="hibernate.c3p0.max_size">20</property>
        <property name="hibernate.c3p0.timeout">300</property>
        
        <!-- Affichage SQL (debug) -->
        <property name="hibernate.show_sql">true</property>
        <property name="hibernate.format_sql">true</property>
        
        <!-- Gestion du schéma -->
        <property name="hibernate.hbm2ddl.auto">update</property>
        
        <!-- Fichiers de mapping XML -->
        <mapping resource="org/emsi/entities/User.hbm.xml"/>
        <mapping resource="org/emsi/entities/Match.hbm.xml"/>
        <mapping resource="org/emsi/entities/Zone.hbm.xml"/>
        <mapping resource="org/emsi/entities/Ticket.hbm.xml"/>
        <mapping resource="org/emsi/entities/Prediction.hbm.xml"/>
        
        <!-- Annotated Classes -->
        <mapping class="org.emsi.entities.Stade"/>
        <mapping class="org.emsi.entities.Equipe"/>
        <mapping class="org.emsi.entities.Joueur"/>
    </session-factory>
</hibernate-configuration>
